4229874241887,107840939393927,693443957500286,video,comment
4787321376745,249403588440524,1329172597130279,photo,reaction,LIKE
100748270442060,249403588440524,1328499100530962,photo,comment
100748270442060,249403588440524,1328499100530962,photo,comment
102944816723826,249403588440524,1323452921035580,photo,reaction,LIKE
103744859986968,249403588440524,1328499100530962,photo,comment
106332116390844,305736219467790,1335956723112396,photo,reaction,LIKE
106332116390844,305736219467790,1335980433110025,photo,reaction,LIKE
107076519687555,249403588440524,1326279604086245,video,reaction,LIKE
109371666084565,249403588440524,1328041560576716,photo,reaction,LIKE
109751232869952,249403588440524,1326279604086245,video,reaction,LIKE
109751232869952,305736219467790,1335948809779854,photo,comment
109758012848210,249403588440524,1327005454013660,video,comment
109758012848210,305736219467790,1335948809779854,photo,comment
109758012848210,305736219467790,1335980433110025,photo,comment
113492905830391,249403588440524,1327005454013660,video,comment
113988345771518,249403588440524,1327026754011530,photo,comment
113988345771518,249403588440524,1328041560576716,photo,comment
113988345771518,249403588440524,1329172597130279,photo,comment
113988345771518,249403588440524,1329186113795594,photo,comment
113988345771518,249403588440524,1329186113795594,photo,comment
113988345771518,249403588440524,1329186113795594,photo,comment
113988345771518,249403588440524,1329186113795594,photo,comment
114049238954873,249403588440524,1323457137701825,photo,reaction,LIKE
114525695636429,249403588440524,1328041560576716,photo,comment
114525695636429,249403588440524,1329186113795594,photo,comment
114525695636429,249403588440524,1329186113795594,photo,comment
116405138694823,305736219467790,1335948809779854,photo,comment
117360622109517,249403588440524,1323457137701825,photo,reaction,LIKE
117384148606415,249403588440524,1323452921035580,photo,reaction,LIKE
117714358603040,249403588440524,1326279604086245,video,comment
117714358603040,249403588440524,1328041560576716,photo,comment
118651625132948,249403588440524,1323457137701825,photo,reaction,LIKE
120398548347831,249403588440524,1326279604086245,video,comment
120398548347831,249403588440524,1326279604086245,video,comment
120398548347831,249403588440524,1326279604086245,video,comment
120398548347831,249403588440524,1327026754011530,photo,comment
120398548347831,249403588440524,1329157980465074,photo,comment
121774884968334,249403588440524,1326279604086245,video,reaction,LIKE
122082218261088,249403588440524,1327026754011530,photo,reaction,LIKE
122167674861551,249403588440524,1328041560576716,photo,reaction,LIKE
122823121561549,305736219467790,1342174285823973,video,reaction,LOVE
123139848171475,249403588440524,1329157980465074,photo,comment
123139848171475,249403588440524,1329172597130279,photo,comment
123139848171475,249403588440524,1329186113795594,photo,comment
123139848171475,249403588440524,1329186113795594,photo,comment
124755134668899,305736219467790,1335980433110025,photo,comment
124755134668899,305736219467790,1342174285823973,video,comment
127623367745239,305736219467790,1335948809779854,photo,comment
128038944365651,249403588440524,1329172597130279,photo,reaction,LIKE
128670297483316,107840939393927,693442404167108,photo,comment
129352560824658,249403588440524,1329172597130279,photo,reaction,LOVE
129370624140144,249403588440524,1323452921035580,photo,reaction,LIKE
130001960772652,249403588440524,1323452921035580,photo,reaction,LIKE
130860180756377,249403588440524,1328041560576716,photo,comment
130860180756377,249403588440524,1328041560576716,photo,comment
131908140651601,249403588440524,1323457137701825,photo,comment
132173147122700,249403588440524,1328499100530962,photo,reaction,LIKE
132492893926140,249403588440524,1323452921035580,photo,comment
132719560563179,249403588440524,1328499100530962,photo,comment
133227803675772,249403588440524,1328041560576716,photo,reaction,LIKE
133288410391109,249403588440524,1323452921035580,photo,reaction,HAHA
133481097160068,249403588440524,1323457137701825,photo,reaction,LIKE
133639117019594,305736219467790,1335980433110025,photo,reaction,LIKE
134009030440878,249403588440524,1327026754011530,photo,comment
134345216923468,249403588440524,1328499100530962,photo,reaction,LIKE
135713800110144,249403588440524,1329157980465074,photo,reaction,LIKE
135713800110144,249403588440524,1329186113795594,photo,reaction,LIKE
136139340109966,305736219467790,1335980433110025,photo,comment
136221566878175,249403588440524,1327005454013660,video,comment
136268746819001,249403588440524,1326279604086245,video,reaction,LIKE
136554743518411,249403588440524,1323452921035580,photo,reaction,LIKE
136554743518411,249403588440524,1328041560576716,photo,reaction,LIKE
136554743518411,249403588440524,1328499100530962,photo,reaction,LIKE
136554743518411,249403588440524,1329157980465074,photo,reaction,LIKE
136554743518411,249403588440524,1329157980465074,photo,comment
136554743518411,249403588440524,1329186113795594,photo,reaction,LIKE
136918643482194,249403588440524,1329186113795594,photo,reaction,LIKE
137749613309909,107840939393927,693442404167108,photo,reaction,LIKE
138078029912253,107840939393927,693442404167108,photo,reaction,LIKE
138592086564945,305736219467790,1335980433110025,photo,reaction,LIKE
138893733236579,249403588440524,1329172597130279,photo,reaction,LIKE
140544413110113,249403588440524,1323457137701825,photo,reaction,LIKE
140544413110113,249403588440524,1326279604086245,video,reaction,LIKE
140544413110113,249403588440524,1327005454013660,video,reaction,LIKE
140544413110113,249403588440524,1327026754011530,photo,reaction,LIKE
140682646298074,107840939393927,705079629670052,photo,reaction,LIKE
142266582945722,249403588440524,1323457137701825,photo,reaction,LIKE
142372219443318,107840939393927,693442404167108,photo,reaction,LIKE
142501536184136,249403588440524,1328499100530962,photo,comment
142765802894730,249403588440524,1326279604086245,video,reaction,LIKE
142765802894730,249403588440524,1327005454013660,video,reaction,LIKE
142765802894730,249403588440524,1327026754011530,photo,reaction,LIKE
143147949523619,249403588440524,1329186113795594,photo,comment
143533152818138,249403588440524,1327026754011530,photo,reaction,LIKE
143794846125371,249403588440524,1328499100530962,photo,comment
143802579457087,249403588440524,1326279604086245,video,reaction,LIKE
144135372615086,249403588440524,1323452921035580,photo,comment
146014032547380,249403588440524,1328041560576716,photo,comment
146014032547380,249403588440524,1329157980465074,photo,comment
146893065813928,249403588440524,1327026754011530,photo,comment
147028862455473,249403588440524,1328499100530962,photo,comment
147093619079240,249403588440524,1329186113795594,photo,reaction,LOVE
147204558978250,305736219467790,1335980433110025,photo,reaction,LIKE
147913558922094,249403588440524,1327026754011530,photo,comment
147913558922094,249403588440524,1329186113795594,photo,comment
148237575655031,249403588440524,1326279604086245,video,comment
148237575655031,249403588440524,1327005454013660,video,comment
148237575655031,305736219467790,1330925593615509,video,reaction,LIKE
148237575655031,305736219467790,1335980433110025,photo,reaction,LIKE
148281605675025,249403588440524,1328499100530962,photo,comment
148770685493534,107840939393927,693476327497049,photo,reaction,LIKE
149291538906212,249403588440524,1328499100530962,photo,comment
149340742124731,305736219467790,1335980433110025,photo,reaction,LIKE
149382162228191,249403588440524,1326279604086245,video,reaction,LIKE
149382162228191,249403588440524,1327005454013660,video,reaction,LIKE
150153958768832,249403588440524,1327026754011530,photo,reaction,LIKE
150442972063141,249403588440524,1329172597130279,photo,reaction,LIKE
150456008750826,249403588440524,1327005454013660,video,reaction,LIKE
150456008750826,249403588440524,1327026754011530,photo,reaction,LIKE
150939161967179,249403588440524,1323457137701825,photo,comment
150939161967179,249403588440524,1323457137701825,photo,comment
151189265370492,305736219467790,1335948809779854,photo,comment
151671098634732,305736219467790,1335948809779854,photo,comment
151897555212323,249403588440524,1329186113795594,photo,comment
152092391955505,305736219467790,1335956723112396,photo,reaction,LIKE
152593238570282,305736219467790,1335948809779854,photo,comment
152593238570282,305736219467790,1342174285823973,video,reaction,LOVE
152593238570282,305736219467790,1342174285823973,video,comment
152829885200133,305736219467790,1335948809779854,photo,reaction,LIKE
152868978434737,249403588440524,1326279604086245,video,reaction,LIKE
153566361751893,249403588440524,1326279604086245,video,reaction,LOVE
153566361751893,249403588440524,1327005454013660,video,reaction,LIKE
153853811649531,249403588440524,1323457137701825,photo,comment
153896405099465,305736219467790,1335948809779854,photo,reaction,LOVE
155602998263560,305736219467790,1335948809779854,photo,comment
156578161406883,249403588440524,1323457137701825,photo,reaction,LIKE
157032838065045,249403588440524,1328041560576716,photo,comment
157032838065045,249403588440524,1329157980465074,photo,comment
157032838065045,249403588440524,1329186113795594,photo,comment
157903854553458,249403588440524,1327026754011530,photo,comment
157903854553458,305736219467790,1335980433110025,photo,comment
158475994644405,305736219467790,1335948809779854,photo,reaction,LIKE
159141061225955,249403588440524,1323457137701825,photo,comment
159536247874312,249403588440524,1326279604086245,video,reaction,LIKE
161005680960612,305736219467790,1335948809779854,photo,comment
162855224198129,249403588440524,1327005454013660,video,comment
163180500735048,305736219467790,1335980433110025,photo,comment
163421350813136,249403588440524,1328041560576716,photo,reaction,LIKE
163619920740816,249403588440524,1329157980465074,photo,reaction,LIKE
163619920740816,249403588440524,1329172597130279,photo,reaction,LIKE
163619920740816,249403588440524,1329186113795594,photo,reaction,LIKE
165678137228578,305736219467790,1335948809779854,photo,comment
165865643763023,249403588440524,1329186113795594,photo,reaction,LIKE
167795993634409,249403588440524,1329172597130279,photo,reaction,LIKE
168938616911358,305736219467790,1335948809779854,photo,reaction,LIKE
169740236784955,305736219467790,1335948809779854,photo,reaction,LIKE
169947456763475,249403588440524,1327005454013660,video,comment
169947456763475,249403588440524,1327026754011530,photo,comment
169947456763475,249403588440524,1328041560576716,photo,comment
169947456763475,249403588440524,1329157980465074,photo,comment
169947456763475,249403588440524,1329172597130279,photo,comment
169947456763475,249403588440524,1329186113795594,photo,comment
170241250073733,305736219467790,1335948809779854,photo,comment
172837389853997,249403588440524,1327005454013660,video,comment
172837389853997,249403588440524,1327026754011530,photo,comment
172837389853997,249403588440524,1328041560576716,photo,comment
172837389853997,249403588440524,1329172597130279,photo,comment
173084933171135,249403588440524,1326279604086245,video,comment
173084933171135,249403588440524,1329157980465074,photo,comment
173084933171135,249403588440524,1329172597130279,photo,comment
173084933171135,249403588440524,1329186113795594,photo,comment
174611156294168,249403588440524,1328499100530962,photo,comment
174840299661509,249403588440524,1327005454013660,video,reaction,LIKE
174840299661509,249403588440524,1327026754011530,photo,reaction,LIKE
175029639584876,249403588440524,1323452921035580,photo,comment
175079316159356,305736219467790,1335948809779854,photo,reaction,LIKE
176914059376193,249403588440524,1326279604086245,video,comment
177164502746244,305736219467790,1343531859021549,photo,reaction,LIKE
178818795911703,249403588440524,1329172597130279,photo,reaction,LIKE
178818795911703,305736219467790,1335948809779854,photo,comment
179031219122040,249403588440524,1329157980465074,photo,reaction,LOVE
180374059108472,249403588440524,1328499100530962,photo,reaction,LIKE
181185092350312,249403588440524,1323452921035580,photo,reaction,HAHA
182203295593265,249403588440524,1329186113795594,photo,reaction,LIKE
182894538851200,305736219467790,1335980433110025,photo,comment
182962375519053,249403588440524,1323457137701825,photo,reaction,LIKE
183337412100543,249403588440524,1327026754011530,photo,reaction,LIKE
183618285345946,305736219467790,1335948809779854,photo,comment
183863355373551,249403588440524,1329172597130279,photo,reaction,LIKE
184714198663344,249403588440524,1323452921035580,photo,reaction,LIKE
185494195189596,249403588440524,1323457137701825,photo,reaction,LIKE
186119025123053,305736219467790,1335980433110025,photo,comment
187793895030211,249403588440524,1326279604086245,video,reaction,LIKE
190019941363078,305736219467790,1335973609777374,video,reaction,LIKE
190448971402497,249403588440524,1327026754011530,photo,comment
190448971402497,249403588440524,1328041560576716,photo,comment
190448971402497,249403588440524,1329172597130279,photo,comment
191536201214472,249403588440524,1329157980465074,photo,comment
192455084447477,305736219467790,1335948809779854,photo,comment
193843807750665,249403588440524,1329157980465074,photo,comment
193843807750665,249403588440524,1329172597130279,photo,comment
194530190999867,305736219467790,1335948809779854,photo,reaction,LOVE
194530190999867,305736219467790,1335980433110025,photo,reaction,LIKE
195729920819112,249403588440524,1327005454013660,video,reaction,LIKE
195729920819112,249403588440524,1327026754011530,photo,reaction,LIKE
196222210805561,305736219467790,1335948809779854,photo,reaction,LOVE
199094560508365,305736219467790,1335980433110025,photo,reaction,LIKE
199305977180410,249403588440524,1329157980465074,photo,comment
199966120468283,249403588440524,1323452921035580,photo,comment
200143006989033,249403588440524,1326279604086245,video,comment
200143006989033,249403588440524,1326279604086245,video,comment
200143006989033,249403588440524,1326279604086245,video,comment
200143006989033,249403588440524,1327005454013660,video,comment
200489460414361,305736219467790,1335948809779854,photo,comment
200602047021325,249403588440524,1328041560576716,photo,comment
200602047021325,249403588440524,1328499100530962,photo,comment
200703487006147,107840939393927,693442404167108,photo,reaction,LIKE
200927840377874,249403588440524,1328041560576716,photo,comment
201267800317502,249403588440524,1326279604086245,video,comment
201464013655505,249403588440524,1327026754011530,photo,comment
201747683555858,249403588440524,1327026754011530,photo,comment
201747683555858,249403588440524,1328041560576716,photo,comment
201747683555858,249403588440524,1328499100530962,photo,comment
201747683555858,249403588440524,1329157980465074,photo,comment
201747683555858,249403588440524,1329172597130279,photo,comment
202807293516801,249403588440524,1327005454013660,video,comment
203413540120368,305736219467790,1342174285823973,video,reaction,LIKE
204957949917685,305736219467790,1335948809779854,photo,reaction,LIKE
205156419839235,305736219467790,1335948809779854,photo,comment
208217512958711,305736219467790,1335948809779854,photo,comment
210821179352939,249403588440524,1328041560576716,photo,comment
211565432582818,107840939393927,693442404167108,photo,reaction,LIKE
211642525923162,249403588440524,1327005454013660,video,reaction,LIKE
211674402545648,305736219467790,1335948809779854,photo,reaction,LOVE
212500155878313,305736219467790,1335948809779854,photo,comment
214243009001912,249403588440524,1327026754011530,photo,comment
214243009001912,249403588440524,1328041560576716,photo,comment
214243009001912,249403588440524,1329157980465074,photo,comment
214243009001912,249403588440524,1329186113795594,photo,comment
217905761922702,249403588440524,1329172597130279,photo,reaction,LOVE
221039041665894,249403588440524,1327026754011530,photo,reaction,LIKE
221606548274026,249403588440524,1329157980465074,photo,comment
222764138183727,249403588440524,1323457137701825,photo,comment
222764138183727,249403588440524,1323457137701825,photo,comment
224457407753639,249403588440524,1327005454013660,video,reaction,LIKE
226691541047282,249403588440524,1329157980465074,photo,comment
226691541047282,249403588440524,1329186113795594,photo,comment
227485727694178,249403588440524,1326279604086245,video,comment
228860004186407,249403588440524,1323457137701825,photo,reaction,LIKE
229661970776331,249403588440524,1327026754011530,photo,reaction,LIKE
230459730734135,107840939393927,693443957500286,video,reaction,LIKE
231954800554679,305736219467790,1335948809779854,photo,reaction,LIKE
232712350517578,107840939393927,693443957500286,video,reaction,LIKE
233770740389436,249403588440524,1327005454013660,video,reaction,LIKE
233770740389436,249403588440524,1327026754011530,photo,reaction,LIKE
237119710021866,305736219467790,1335980433110025,photo,comment
238629406558829,249403588440524,1327005454013660,video,comment
238629406558829,249403588440524,1327026754011530,photo,comment
238629406558829,249403588440524,1329157980465074,photo,comment
238629406558829,249403588440524,1329172597130279,photo,comment
238629406558829,249403588440524,1329186113795594,photo,comment
238629406558829,305736219467790,1342174285823973,video,reaction,LIKE
239187076529194,249403588440524,1323457137701825,photo,reaction,LIKE
239187076529194,249403588440524,1327005454013660,video,reaction,LIKE
240455836321725,249403588440524,1329157980465074,photo,comment
242265662798650,249403588440524,1323452921035580,photo,reaction,LIKE
242265662798650,249403588440524,1323457137701825,photo,reaction,LIKE
243369072783639,249403588440524,1327005454013660,video,reaction,LIKE
243813449357474,249403588440524,1329157980465074,photo,comment
246645845764764,249403588440524,1323452921035580,photo,comment
246645845764764,249403588440524,1323452921035580,photo,comment
246645845764764,249403588440524,1327026754011530,photo,reaction,LIKE
248240125571043,249403588440524,1323452921035580,photo,reaction,LIKE
251091205289850,249403588440524,1329157980465074,photo,reaction,LIKE
253117875042582,305736219467790,1335980433110025,photo,comment
255239918226339,249403588440524,1328499100530962,photo,comment
255924638074262,305736219467790,1335948809779854,photo,reaction,LIKE
256235838123470,249403588440524,1327026754011530,photo,comment
256539401442376,249403588440524,1326279604086245,video,reaction,LOVE
260604327452141,249403588440524,1323452921035580,photo,comment
262498010797632,249403588440524,1328499100530962,photo,comment
268779123473630,249403588440524,1323452921035580,photo,reaction,HAHA
268884500154415,249403588440524,1323457137701825,photo,comment
270584016655482,249403588440524,1329157980465074,photo,comment
270783963297579,249403588440524,1328041560576716,photo,reaction,LIKE
277257609111832,249403588440524,1329157980465074,photo,reaction,LIKE
277496682647647,249403588440524,1323452921035580,photo,comment
278155729267826,249403588440524,1327005454013660,video,reaction,LIKE
280162355734417,249403588440524,1323452921035580,photo,comment
286256565071101,305736219467790,1335948809779854,photo,comment
287897011550339,249403588440524,1326279604086245,video,reaction,LIKE
287897011550339,249403588440524,1327005454013660,video,reaction,LIKE
287897011550339,249403588440524,1327026754011530,photo,reaction,LIKE
290655354662508,249403588440524,1328041560576716,photo,comment
296520470507445,249403588440524,1323452921035580,photo,reaction,LIKE
300087853723919,249403588440524,1323452921035580,photo,comment
300867960102557,249403588440524,1323452921035580,photo,comment
301079323615698,305736219467790,1335980433110025,photo,reaction,LIKE
303075499881441,249403588440524,1328499100530962,photo,comment
307725582914708,249403588440524,1329157980465074,photo,reaction,LIKE
308194369377081,249403588440524,1328041560576716,photo,reaction,LIKE
308194369377081,249403588440524,1328499100530962,photo,reaction,LIKE
308194369377081,249403588440524,1329157980465074,photo,reaction,LIKE
308194369377081,249403588440524,1329172597130279,photo,reaction,LIKE
308194369377081,249403588440524,1329186113795594,photo,reaction,LIKE
310247222693527,107840939393927,705079629670052,photo,comment
310484425997185,249403588440524,1329186113795594,photo,reaction,LOVE
311745549207015,249403588440524,1328499100530962,photo,reaction,LIKE
312763988890868,107840939393927,693442404167108,photo,reaction,LIKE
312805675590214,305736219467790,1335980433110025,photo,comment
312978545553638,249403588440524,1329172597130279,photo,reaction,LIKE
313604802157873,249403588440524,1328499100530962,photo,reaction,LIKE
314119408748504,249403588440524,1329172597130279,photo,reaction,LIKE
314281942111696,107840939393927,705079629670052,photo,reaction,LIKE
314588965562950,249403588440524,1328041560576716,photo,reaction,LIKE
320358241484084,305736219467790,1335980433110025,photo,reaction,LIKE
321928484664759,305736219467790,1335980433110025,photo,reaction,LIKE
321928484664759,305736219467790,1335980433110025,photo,comment
321964574667395,305736219467790,1335948809779854,photo,comment
324157001126116,249403588440524,1329157980465074,photo,comment
326060854434486,305736219467790,1335980433110025,photo,comment
328013207408214,305736219467790,1335980433110025,photo,reaction,LIKE
331408047248704,305736219467790,1335948809779854,photo,reaction,LIKE
333315013499087,107840939393927,693442404167108,photo,reaction,LIKE
333715696830762,305736219467790,1335980433110025,photo,reaction,LIKE
335891806602156,249403588440524,1327005454013660,video,reaction,LIKE
336254280059479,305736219467790,1335980433110025,photo,comment
336692476514134,249403588440524,1327026754011530,photo,comment
338315963036379,249403588440524,1329186113795594,photo,reaction,LIKE
338809589607156,107840939393927,700888816755800,photo,reaction,LIKE
343942329128306,249403588440524,1323457137701825,photo,comment
346432768898757,305736219467790,1335980433110025,photo,reaction,LIKE
346643078851891,249403588440524,1328499100530962,photo,reaction,LOVE
346643078851891,249403588440524,1329172597130279,photo,reaction,LOVE
347873822247413,249403588440524,1329157980465074,photo,comment
353330901711595,249403588440524,1328041560576716,photo,comment
353703991448860,249403588440524,1326279604086245,video,reaction,LIKE
353703991448860,249403588440524,1327005454013660,video,reaction,LIKE
353703991448860,249403588440524,1327026754011530,photo,reaction,LIKE
353887271482087,249403588440524,1329186113795594,photo,reaction,LIKE
353933258103961,107840939393927,693442404167108,photo,comment
355928847925096,305736219467790,1335948809779854,photo,comment
357150837823296,249403588440524,1323452921035580,photo,reaction,LIKE
358273861224376,249403588440524,1329186113795594,photo,reaction,LIKE
360601767617129,249403588440524,1323452921035580,photo,comment
361947523983957,249403588440524,1329172597130279,photo,reaction,LIKE
363845460639988,107840939393927,697120807132601,photo,reaction,LIKE
363855017333507,249403588440524,1323457137701825,photo,comment
364176727288474,249403588440524,1328041560576716,photo,reaction,LIKE
367794603583532,249403588440524,1323457137701825,photo,comment
371480276355305,249403588440524,1326279604086245,video,reaction,LIKE
373108269515322,249403588440524,1329157980465074,photo,reaction,LIKE
377158775796539,249403588440524,1323457137701825,photo,comment
377465679115337,305736219467790,1342174285823973,video,reaction,LIKE
378126525694423,249403588440524,1323457137701825,photo,comment
382017602165858,249403588440524,1328499100530962,photo,reaction,LIKE
382017602165858,249403588440524,1329157980465074,photo,reaction,LIKE
383832121969223,107840939393927,693476327497049,photo,reaction,LIKE
387756288056017,249403588440524,1323457137701825,photo,comment
387846118056088,305736219467790,1335948809779854,photo,comment
388784127960412,249403588440524,1323452921035580,photo,comment
390748214434661,107840939393927,693442404167108,photo,comment
391059774434697,249403588440524,1329172597130279,photo,reaction,LIKE
394287820744263,249403588440524,1328041560576716,photo,reaction,LIKE
397589710399087,249403588440524,1329172597130279,photo,reaction,LIKE
399059543602716,107840939393927,705079629670052,photo,reaction,LIKE
399157356906377,249403588440524,1329186113795594,photo,reaction,LIKE
403020399867511,107840939393927,693443957500286,video,comment
403561349824113,249403588440524,1323457137701825,photo,reaction,LIKE
404802123244613,249403588440524,1323457137701825,photo,reaction,LOVE
404802123244613,249403588440524,1327005454013660,video,reaction,WOW
404802123244613,249403588440524,1327026754011530,photo,reaction,LOVE
404802123244613,249403588440524,1328041560576716,photo,reaction,LOVE
407198916117826,249403588440524,1323452921035580,photo,comment
408774089461620,249403588440524,1323457137701825,photo,comment
410531579086549,107840939393927,705079629670052,photo,reaction,LIKE
411415135672941,305736219467790,1335973609777374,video,reaction,LIKE
414480995550457,249403588440524,1326279604086245,video,reaction,LIKE
424178427751849,249403588440524,1323457137701825,photo,comment
428958493932614,249403588440524,1329172597130279,photo,reaction,LIKE
433608300140506,249403588440524,1326279604086245,video,comment
440697266066101,249403588440524,1328499100530962,photo,reaction,LIKE
443123342741799,249403588440524,1323457137701825,photo,reaction,LOVE
443123342741799,249403588440524,1327005454013660,video,reaction,LOVE
443123342741799,249403588440524,1327026754011530,photo,reaction,LOVE
443527465828486,249403588440524,1329172597130279,photo,reaction,LIKE
449030195281623,305736219467790,1335948809779854,photo,reaction,LIKE
450174828450645,107840939393927,683524475158901,photo,reaction,LIKE
450685985110740,305736219467790,1342174285823973,video,reaction,LOVE
450685985110740,305736219467790,1342174285823973,video,comment
453968651659958,249403588440524,1327005454013660,video,comment
459095657813870,305736219467790,1335980433110025,photo,reaction,LIKE
459790007530363,249403588440524,1329157980465074,photo,reaction,LOVE
465957083577614,249403588440524,1328499100530962,photo,comment
466289436868871,249403588440524,1329186113795594,photo,reaction,LIKE
468443196679643,249403588440524,1323457137701825,photo,reaction,LIKE
468443196679643,249403588440524,1327005454013660,video,reaction,LIKE
468443196679643,249403588440524,1327026754011530,photo,reaction,LIKE
468443196679643,249403588440524,1328041560576716,photo,reaction,LIKE
476720155819385,249403588440524,1327026754011530,photo,comment
476720155819385,249403588440524,1329157980465074,photo,reaction,LOVE
477398295756248,107840939393927,700888816755800,photo,reaction,LIKE
477533292426591,249403588440524,1329172597130279,photo,reaction,LIKE
477533292426591,249403588440524,1329186113795594,photo,reaction,LIKE
484993558298044,107840939393927,693442404167108,photo,reaction,LIKE
487524281426793,107840939393927,705079629670052,photo,reaction,LOVE
489222194573588,249403588440524,1327005454013660,video,comment
489678781197783,305736219467790,1335980433110025,photo,comment
490107141125910,249403588440524,1328041560576716,photo,reaction,LIKE
490445594412102,107840939393927,693442404167108,photo,reaction,LIKE
494012220725882,107840939393927,693442404167108,photo,comment
499356916895162,249403588440524,1323452921035580,photo,comment
499363276905633,249403588440524,1323457137701825,photo,comment
505092606293763,305736219467790,1342174285823973,video,reaction,LIKE
505956769526845,305736219467790,1335973609777374,video,reaction,LIKE
509344329212845,249403588440524,1323452921035580,photo,comment
509471342519090,249403588440524,1323452921035580,photo,reaction,LIKE
509471342519090,249403588440524,1328499100530962,photo,reaction,LIKE
516675975145731,249403588440524,1329186113795594,photo,comment
518743608268578,107840939393927,683524475158901,photo,reaction,LIKE
525474377604612,249403588440524,1329172597130279,photo,reaction,LIKE
538192752948818,107840939393927,697120807132601,photo,reaction,LIKE
540220176178986,249403588440524,1326279604086245,video,reaction,LIKE
546856775420593,107840939393927,705079629670052,photo,reaction,LIKE
562564183847716,249403588440524,1327026754011530,photo,reaction,LIKE
564616986984944,305736219467790,1335948809779854,photo,reaction,LIKE
565375576960538,249403588440524,1323452921035580,photo,reaction,LIKE
571064063027200,249403588440524,1323457137701825,photo,comment
575444535945412,249403588440524,1329186113795594,photo,comment
577956662314766,305736219467790,1342174285823973,video,reaction,LOVE
583873068390773,107840939393927,705079629670052,photo,reaction,LIKE
599671056822507,249403588440524,1328499100530962,photo,reaction,LOVE
600847330013523,249403588440524,1323457137701825,photo,comment
601273463296920,249403588440524,1328041560576716,photo,reaction,LIKE
603357893154506,249403588440524,1328499100530962,photo,reaction,LOVE
603357893154506,249403588440524,1329157980465074,photo,reaction,LOVE
605049209583768,107840939393927,683524475158901,photo,reaction,LIKE
606623262817006,249403588440524,1328499100530962,photo,comment
611125332367516,249403588440524,1328499100530962,photo,comment
612960315462304,107840939393927,705079629670052,photo,reaction,LIKE
618483191559195,305736219467790,1335980433110025,photo,comment
619446728178614,107840939393927,693443957500286,video,comment
622830141132151,107840939393927,693443957500286,video,reaction,LIKE
623211467764713,249403588440524,1323457137701825,photo,comment
629473350479615,249403588440524,1329172597130279,photo,reaction,LIKE
629473350479615,249403588440524,1329186113795594,photo,reaction,LIKE
629737017160698,249403588440524,1327005454013660,video,comment
629737017160698,249403588440524,1327026754011530,photo,comment
630574050388932,249403588440524,1323452921035580,photo,reaction,LIKE
632106160213012,249403588440524,1328499100530962,photo,reaction,LIKE
634075063336771,305736219467790,1335948809779854,photo,comment
640393976071987,249403588440524,1323452921035580,photo,reaction,LOVE
640393976071987,249403588440524,1323457137701825,photo,reaction,LOVE
640393976071987,249403588440524,1328041560576716,photo,reaction,LOVE
642867469117692,107840939393927,705079629670052,photo,comment
656835411031064,249403588440524,1329157980465074,photo,comment
656835411031064,249403588440524,1329172597130279,photo,comment
656835411031064,249403588440524,1329172597130279,photo,comment
656835411031064,249403588440524,1329172597130279,photo,comment
656835411031064,249403588440524,1329172597130279,photo,comment
656835411031064,249403588440524,1329172597130279,photo,comment
656835411031064,249403588440524,1329172597130279,photo,comment
656835411031064,249403588440524,1329172597130279,photo,comment
656835411031064,249403588440524,1329186113795594,photo,comment
656835411031064,305736219467790,1342174285823973,video,reaction,LIKE
661651573954273,107840939393927,693442404167108,photo,reaction,LIKE
662544713837771,107840939393927,683524475158901,photo,reaction,LIKE
664652986944616,107840939393927,705079629670052,photo,comment
666739170112352,107840939393927,693442404167108,photo,comment
669675789805139,107840939393927,683524475158901,photo,reaction,LOVE
671097053023922,305736219467790,1335980433110025,photo,reaction,LIKE
671224002997326,249403588440524,1327005454013660,video,comment
674404302685095,249403588440524,1326279604086245,video,reaction,LIKE
676966845672030,249403588440524,1323457137701825,photo,comment
677463248996153,107840939393927,693442404167108,photo,comment
680724442004950,107840939393927,705079629670052,photo,comment
681193852067245,107840939393927,697120807132601,photo,comment
684176688362369,305736219467790,1335948809779854,photo,reaction,LIKE
684606051686059,249403588440524,1323452921035580,photo,comment
684612541652284,107840939393927,693442404167108,photo,comment
684656428277612,107840939393927,705079629670052,photo,reaction,LIKE
686048641443906,107840939393927,693442404167108,photo,reaction,LIKE
690284227752505,249403588440524,1326279604086245,video,reaction,LIKE
690854561008581,107840939393927,697120807132601,photo,comment
692643414134514,107840939393927,693443957500286,video,comment
692878227463107,107840939393927,705079629670052,photo,reaction,LIKE
694827410552421,107840939393927,693443957500286,video,reaction,LIKE
695807363847270,107840939393927,683524475158901,photo,reaction,LIKE
696149973832316,249403588440524,1328499100530962,photo,reaction,LIKE
698287180260806,249403588440524,1326279604086245,video,reaction,LIKE
698287180260806,249403588440524,1327005454013660,video,reaction,LIKE
698287180260806,249403588440524,1327026754011530,photo,reaction,LIKE
700405896781335,249403588440524,1327005454013660,video,reaction,LIKE
702073059914167,107840939393927,700888816755800,photo,reaction,LIKE
702693833127499,249403588440524,1328041560576716,photo,reaction,LOVE
702693833127499,249403588440524,1328499100530962,photo,comment
702693833127499,249403588440524,1329172597130279,photo,comment
705758312831828,107840939393927,693442404167108,photo,reaction,LIKE
709250279181354,305736219467790,1335948809779854,photo,reaction,LIKE
709428695789747,107840939393927,705079629670052,photo,reaction,LIKE
712094572162893,107840939393927,693443957500286,video,comment
714832278611997,107840939393927,693442404167108,photo,comment
715094485271738,107840939393927,697120807132601,photo,comment
715884125200901,107840939393927,683524475158901,photo,comment
719133998164646,107840939393927,683524475158901,photo,comment
721288871277064,107840939393927,693443957500286,video,comment
721771887930513,107840939393927,693443957500286,video,comment
722306904592649,249403588440524,1328499100530962,photo,comment
732691313475075,107840939393927,693442404167108,photo,comment
734588296629703,305736219467790,1335948809779854,photo,reaction,LIKE
747882705329240,249403588440524,1323452921035580,photo,reaction,LIKE
748528775305815,249403588440524,1328041560576716,photo,comment
748942661886617,107840939393927,705079629670052,photo,reaction,LIKE
749106685185524,107840939393927,683524475158901,photo,comment
752888644796498,305736219467790,1335980433110025,photo,comment
755042621197865,107840939393927,683524475158901,photo,comment
761094683945750,107840939393927,697120807132601,photo,reaction,LIKE
761975747244515,107840939393927,693442404167108,photo,reaction,LIKE
763683240384242,249403588440524,1323452921035580,photo,comment
766162040173919,249403588440524,1323457137701825,photo,comment
768544589897330,107840939393927,693442404167108,photo,reaction,LIKE
770238739731665,107840939393927,693443957500286,video,comment
771048072977682,107840939393927,693443957500286,video,comment
778464958916842,107840939393927,705079629670052,photo,reaction,LIKE
778956392140051,107840939393927,693443957500286,video,reaction,LIKE
780373045393694,107840939393927,693476327497049,photo,reaction,LIKE
780782918641443,107840939393927,693443957500286,video,comment
784282598278078,305736219467790,1335980433110025,photo,comment
785792868161343,249403588440524,1323457137701825,photo,comment
791516714235023,107840939393927,694114604099888,photo,reaction,LIKE
791516714235023,107840939393927,694114604099888,photo,comment
793920637356397,249403588440524,1326279604086245,video,comment
794732057237375,107840939393927,693442404167108,photo,comment
795281723969529,305736219467790,1335980433110025,photo,comment
797216603724711,249403588440524,1328041560576716,photo,reaction,LIKE
806007162796800,249403588440524,1327005454013660,video,comment
808910299147393,107840939393927,693442404167108,photo,reaction,LIKE
808910299147393,107840939393927,693442404167108,photo,comment
809644225740676,107840939393927,683524475158901,photo,comment
809767892447067,107840939393927,705079629670052,photo,comment
810782202335764,107840939393927,683524475158901,photo,comment
813258765413427,107840939393927,693443957500286,video,comment
813462925377188,107840939393927,693443957500286,video,reaction,LIKE
822424711137392,107840939393927,705079629670052,photo,comment
823296804424065,107840939393927,700888816755800,photo,comment
828830007171155,249403588440524,1326279604086245,video,comment
828885857170633,107840939393927,683524475158901,photo,reaction,LIKE
828924470554980,107840939393927,693443957500286,video,comment
829331350496513,249403588440524,1327026754011530,photo,comment
830141427079548,107840939393927,700888816755800,photo,reaction,LIKE
831179633630231,107840939393927,683524475158901,photo,reaction,LIKE
832046676848159,107840939393927,700888816755800,photo,reaction,LIKE
834997916538881,107840939393927,683524475158901,photo,reaction,LIKE
837515866282773,249403588440524,1327026754011530,photo,comment
840216919387560,249403588440524,1323452921035580,photo,comment
840917595947237,107840939393927,683524475158901,photo,comment
841557079287016,107840939393927,699865100191505,photo,reaction,LIKE
841844972509057,107840939393927,705079629670052,photo,reaction,LIKE
843581205700269,107840939393927,693443957500286,video,reaction,LIKE
846401252067946,107840939393927,683524475158901,photo,reaction,LIKE
849645248395492,107840939393927,694114604099888,photo,reaction,LIKE
856266017758395,107840939393927,693442404167108,photo,reaction,LIKE
857327957628455,107840939393927,683524475158901,photo,reaction,LIKE
860829000635825,107840939393927,700888816755800,photo,comment
862343163798013,107840939393927,683524475158901,photo,reaction,LIKE
862343163798013,107840939393927,683524475158901,photo,comment
866395860057616,305736219467790,1342174285823973,video,reaction,LIKE
871115789571059,107840939393927,693442404167108,photo,comment
873384562702680,249403588440524,1328041560576716,photo,reaction,LOVE
874316645970824,107840939393927,683524475158901,photo,comment
876006315794132,107840939393927,705079629670052,photo,comment
880581411952091,107840939393927,683524475158901,photo,comment
881752618532119,107840939393927,700888816755800,photo,comment
884413608303021,249403588440524,1323452921035580,photo,reaction,LIKE
885229084823907,107840939393927,693443957500286,video,reaction,LIKE
887099684673628,107840939393927,683524475158901,photo,reaction,LIKE
887462871346160,107840939393927,700888816755800,photo,comment
889351014417847,249403588440524,1328499100530962,photo,reaction,LIKE
890479857686000,107840939393927,694114604099888,photo,comment
892750774104821,107840939393927,683524475158901,photo,reaction,LIKE
895894177117197,107840939393927,693443957500286,video,reaction,WOW
903504753067675,107840939393927,683524475158901,photo,comment
904675279621407,107840939393927,693476327497049,photo,reaction,LIKE
904905672879566,107840939393927,693443957500286,video,reaction,LIKE
904905672879566,107840939393927,693443957500286,video,comment
905708322853893,107840939393927,694114604099888,photo,reaction,LIKE
907379465991410,249403588440524,1328499100530962,photo,reaction,LIKE
911370385549721,107840939393927,705079629670052,photo,comment
912318465450509,107840939393927,693443957500286,video,reaction,LIKE
915208665198520,107840939393927,699146940263321,link,reaction,LIKE
918192191585126,107840939393927,700888816755800,photo,reaction,LIKE
921024461243542,107840939393927,693443957500286,video,reaction,LIKE
921156681257928,249403588440524,1326279604086245,video,comment
921572291206593,107840939393927,705079629670052,photo,comment
922941907765508,249403588440524,1326279604086245,video,comment
924892214228155,107840939393927,705079629670052,photo,comment
932373866781269,107840939393927,699865100191505,photo,reaction,LIKE
934156949980700,107840939393927,705079629670052,photo,reaction,LIKE
935305919862393,249403588440524,1329157980465074,photo,reaction,LIKE
935433159801166,107840939393927,693443957500286,video,comment
946908915349048,107840939393927,705079629670052,photo,comment
947024078651510,305736219467790,1335752843132784,video,reaction,LIKE
947024078651510,305736219467790,1335962153111853,video,reaction,LIKE
947364118609796,107840939393927,693442404167108,photo,reaction,LIKE
949414491756160,249403588440524,1326279604086245,video,comment
953399261354233,107840939393927,705079629670052,photo,comment
954222691322958,107840939393927,700888816755800,photo,reaction,LIKE
954638304584197,107840939393927,693443957500286,video,reaction,LIKE
966173470060059,107840939393927,693443957500286,video,reaction,LIKE
966890646671850,249403588440524,1323452921035580,photo,comment
967983879918499,107840939393927,705677142943634,link,reaction,LIKE
968621133162463,107840939393927,700888816755800,photo,reaction,LIKE
969354383115110,107840939393927,693443957500286,video,reaction,LIKE
969968636427864,107840939393927,705079629670052,photo,comment
970418202968313,107840939393927,705677142943634,link,comment
970497019630671,107840939393927,700888816755800,photo,reaction,LIKE
978299095591942,107840939393927,693443957500286,video,reaction,LIKE
995631363797363,249403588440524,1326279604086245,video,reaction,LIKE
995631363797363,249403588440524,1327005454013660,video,reaction,LIKE
995631363797363,249403588440524,1327026754011530,photo,reaction,LIKE
998861196825399,107840939393927,705079629670052,photo,comment
1001053243254809,249403588440524,1328499100530962,photo,comment
1001887879826035,107840939393927,699146940263321,link,reaction,LIKE
1009038039115584,107840939393927,683524475158901,photo,comment
1014786418535439,107840939393927,683524475158901,photo,comment
1025021600889759,107840939393927,693443957500286,video,comment
1025335820832745,249403588440524,1328499100530962,photo,reaction,LIKE
1025335820832745,249403588440524,1329157980465074,photo,reaction,LIKE
1025335820832745,249403588440524,1329186113795594,photo,reaction,LIKE
1031311060218197,249403588440524,1329186113795594,photo,reaction,LIKE
1044304829048175,107840939393927,693476327497049,photo,reaction,LIKE
1065215006918552,107840939393927,693443957500286,video,comment
1065881570093477,107840939393927,699146940263321,link,comment
1079047318844131,107840939393927,693443957500286,video,reaction,LIKE
1095358407169999,107840939393927,705079629670052,photo,comment
1130822853601088,107840939393927,683524475158901,photo,reaction,LIKE
1133105213424910,107840939393927,693443957500286,video,reaction,LIKE
1133859593397657,107840939393927,693443957500286,video,comment
1137246459667484,107840939393927,693443957500286,video,reaction,LIKE
1153108158036385,107840939393927,683524475158901,photo,reaction,LIKE
1175792629203464,107840939393927,700888816755800,photo,reaction,LIKE
1200942333293327,107840939393927,693443957500286,video,reaction,LIKE
1226352664066536,107840939393927,683524475158901,photo,reaction,LIKE
1235985189811514,107840939393927,705079629670052,photo,comment
1275507802481678,107840939393927,705079629670052,photo,reaction,WOW
1297403673679227,107840939393927,693442404167108,photo,comment
1307725582581015,107840939393927,700888816755800,photo,reaction,LIKE
1319557754782754,249403588440524,1326279604086245,video,comment
1379095992391723,249403588440524,1329157980465074,photo,comment
1384657008519916,249403588440524,1329186113795594,photo,comment
1386045255059474,249403588440524,1326279604086245,video,comment
1386467558315051,249403588440524,1328499100530962,photo,reaction,LIKE
1390455141251832,107840939393927,693442404167108,photo,comment
1391614121142276,107840939393927,705079629670052,photo,comment
1393059684322314,249403588440524,1326279604086245,video,comment
1395801030736472,305736219467790,1335948809779854,photo,reaction,LIKE
1396436004001893,249403588440524,1327026754011530,photo,reaction,LOVE
1396436004001893,249403588440524,1327026754011530,photo,comment
1396711393984834,249403588440524,1327005454013660,video,comment
1403478713307768,249403588440524,1329157980465074,photo,reaction,LIKE
1406116009696977,249403588440524,1329172597130279,photo,reaction,LOVE
1407105172920174,249403588440524,1323452921035580,photo,reaction,LIKE
1409411862721793,305736219467790,1335980433110025,photo,reaction,LOVE
1409411862721793,305736219467790,1335980433110025,photo,comment
1417032435267925,249403588440524,1328041560576716,photo,reaction,LIKE
1418577238448921,249403588440524,1323457137701825,photo,reaction,LIKE
1419334515058026,249403588440524,1327005454013660,video,reaction,LIKE
1427356060911741,305736219467790,1335980433110025,photo,comment
1427919260762183,249403588440524,1326279604086245,video,reaction,LIKE
1428618834108834,249403588440524,1323457137701825,photo,reaction,LOVE
1430426983945689,249403588440524,1328499100530962,photo,reaction,LIKE
1434955563474405,249403588440524,1329172597130279,photo,comment
1436110660031868,305736219467790,1335948809779854,photo,reaction,LIKE
1436356103333648,249403588440524,1327005454013660,video,comment
1442445786075571,249403588440524,1328041560576716,photo,reaction,LIKE
1442952935949188,249403588440524,1327005454013660,video,comment
1443412569314623,305736219467790,1335948809779854,photo,comment
1444425992494041,305736219467790,1335980433110025,photo,comment
1446819372294685,249403588440524,1329172597130279,photo,comment
1447838075484174,249403588440524,1327005454013660,video,comment
1463502970641606,107840939393927,705079629670052,photo,comment
1466927223564284,249403588440524,1328499100530962,photo,reaction,LIKE
1466927223564284,249403588440524,1329157980465074,photo,reaction,LIKE
1466927223564284,249403588440524,1329172597130279,photo,reaction,LIKE
1466927223564284,249403588440524,1329186113795594,photo,reaction,LIKE
1468885190011221,305736219467790,1335980433110025,photo,reaction,LOVE
1470160729885338,249403588440524,1323457137701825,photo,reaction,LIKE
1476293145979793,249403588440524,1323457137701825,photo,reaction,LIKE
1476826765980639,107840939393927,693476327497049,photo,comment
1482348538669188,249403588440524,1328499100530962,photo,reaction,LIKE
1482348538669188,249403588440524,1329157980465074,photo,reaction,LIKE
1487870134820953,305736219467790,1335956723112396,photo,reaction,LIKE
1487870134820953,305736219467790,1335962153111853,video,reaction,LIKE
1493209824336499,249403588440524,1326279604086245,video,comment
1493370137654252,249403588440524,1327005454013660,video,comment
1501036680175172,249403588440524,1329172597130279,photo,comment
1502605920048705,249403588440524,1327026754011530,photo,reaction,LIKE
1502605920048705,249403588440524,1328041560576716,photo,comment
1503326443315634,107840939393927,693442404167108,photo,comment
1505107073076704,249403588440524,1329172597130279,photo,comment
1505233109756319,249403588440524,1329186113795594,photo,reaction,LIKE
1506104249658735,107840939393927,705079629670052,photo,reaction,LIKE
1507413059533839,249403588440524,1323452921035580,photo,reaction,LIKE
1507413059533839,249403588440524,1329157980465074,photo,reaction,LIKE
1508945539340342,249403588440524,1323452921035580,photo,comment
1513278648901499,249403588440524,1323457137701825,photo,comment
1514596742148548,249403588440524,1327026754011530,photo,comment
1514596742148548,249403588440524,1328041560576716,photo,comment
1515966201989998,249403588440524,1329172597130279,photo,comment
1517039858541315,305736219467790,1335980433110025,photo,reaction,LIKE
1517326338544505,249403588440524,1328041560576716,photo,reaction,LIKE
1518189785122937,305736219467790,1335948809779854,photo,reaction,LOVE
1518522698408412,249403588440524,1328499100530962,photo,reaction,LIKE
1519758011640321,249403588440524,1327026754011530,photo,reaction,LIKE
1520845324869355,305736219467790,1335948809779854,photo,reaction,LIKE
1536514066608014,249403588440524,1327005454013660,video,comment
1539513406324857,249403588440524,1323457137701825,photo,reaction,LIKE
1539513406324857,249403588440524,1328041560576716,photo,reaction,LIKE
1544164189170459,107840939393927,693443957500286,video,reaction,LIKE
1545663515451535,249403588440524,1323457137701825,photo,reaction,LOVE
1552389158349220,305736219467790,1335980433110025,photo,reaction,LIKE
1554257814851583,249403588440524,1323452921035580,photo,reaction,LIKE
1554581064797234,249403588440524,1327026754011530,photo,comment
1554581064797234,249403588440524,1329157980465074,photo,comment
1557119654519640,305736219467790,1335948809779854,photo,reaction,LIKE
1561196820791209,107840939393927,705079629670052,photo,reaction,LIKE
1562348774038391,305736219467790,1335948809779854,photo,comment
1565486247058757,305736219467790,1335980433110025,photo,reaction,LIKE
1565838480373399,107840939393927,693443957500286,video,reaction,LIKE
1565881040336306,249403588440524,1329157980465074,photo,reaction,LIKE
1565881040336306,249403588440524,1329172597130279,photo,reaction,LIKE
1567436900181883,249403588440524,1328499100530962,photo,comment
1578059449117437,249403588440524,1327005454013660,video,comment
1578344515762946,249403588440524,1329157980465074,photo,reaction,LOVE
1578344515762946,249403588440524,1329186113795594,photo,reaction,LOVE
1578344515762946,305736219467790,1335980433110025,photo,reaction,LOVE
1579243035641823,249403588440524,1329186113795594,photo,comment
1580228385545830,249403588440524,1329186113795594,photo,comment
1582613445304498,249403588440524,1327005454013660,video,comment
1585596561685510,249403588440524,1327026754011530,photo,comment
1586706848229751,305736219467790,1335948809779854,photo,reaction,LIKE
1587164194873017,249403588440524,1328499100530962,photo,comment
1587585714849620,107840939393927,700888816755800,photo,reaction,LIKE
1587585714849620,107840939393927,700888816755800,photo,comment
1591855791027558,249403588440524,1328041560576716,photo,comment
1593168494241822,249403588440524,1329186113795594,photo,reaction,LIKE
1601311176804786,249403588440524,1327005454013660,video,reaction,LIKE
1601750216807054,305736219467790,1342174285823973,video,reaction,LIKE
1602077553389208,249403588440524,1329172597130279,photo,comment
1612643075616817,107840939393927,700888816755800,photo,reaction,LIKE
1613262382277267,107840939393927,693442404167108,photo,reaction,LIKE
1613943525485760,249403588440524,1323457137701825,photo,comment
1614829155418726,249403588440524,1326279604086245,video,reaction,LIKE
1616379301953515,249403588440524,1326279604086245,video,reaction,LIKE
1616379301953515,249403588440524,1327005454013660,video,reaction,LIKE
1616379301953515,249403588440524,1327026754011530,photo,reaction,LIKE
1619287408360862,249403588440524,1328041560576716,photo,reaction,LIKE
1619287408360862,249403588440524,1329157980465074,photo,reaction,LIKE
1619287408360862,249403588440524,1329186113795594,photo,reaction,LIKE
1620750328181751,305736219467790,1335980433110025,photo,reaction,LIKE
1620750328181751,305736219467790,1335980433110025,photo,comment
1624723804429467,249403588440524,1323452921035580,photo,reaction,LIKE
1624723804429467,249403588440524,1329157980465074,photo,reaction,LIKE
1627560870853587,249403588440524,1328499100530962,photo,comment
1628717267402070,249403588440524,1328041560576716,photo,comment
1635802339982367,249403588440524,1326279604086245,video,comment
1635802339982367,249403588440524,1326279604086245,video,comment
1641386619449902,305736219467790,1335980433110025,photo,reaction,LIKE
1641407342746008,249403588440524,1323452921035580,photo,reaction,LIKE
1650202458600103,249403588440524,1329157980465074,photo,comment
1657042184517866,107840939393927,683524475158901,photo,comment
1659922154262793,249403588440524,1328499100530962,photo,reaction,LIKE
1665226560398606,305736219467790,1330925593615509,video,reaction,LOVE
1665226560398606,305736219467790,1335752843132784,video,reaction,LIKE
1665226560398606,305736219467790,1335956723112396,photo,reaction,LOVE
1665226560398606,305736219467790,1335962153111853,video,reaction,LIKE
1665226560398606,305736219467790,1335973609777374,video,reaction,LIKE
1665226560398606,305736219467790,1335980433110025,photo,comment
1665226560398606,305736219467790,1343531859021549,photo,reaction,LIKE
1685769791639956,249403588440524,1328041560576716,photo,reaction,LIKE
1688918474709655,249403588440524,1329157980465074,photo,reaction,LIKE
1688918474709655,249403588440524,1329186113795594,photo,reaction,LIKE
1726471324333699,249403588440524,1323457137701825,photo,reaction,LIKE
1733560763546380,305736219467790,1330925593615509,video,reaction,LIKE
1737617449798495,249403588440524,1323452921035580,photo,comment
1745449445773219,107840939393927,700888816755800,photo,reaction,LIKE
1749407418618798,249403588440524,1328499100530962,photo,reaction,LIKE
1749407418618798,249403588440524,1329157980465074,photo,reaction,LIKE
1749407418618798,249403588440524,1329186113795594,photo,reaction,LIKE
1758063791090085,249403588440524,1323452921035580,photo,reaction,LIKE
1758063791090085,249403588440524,1328041560576716,photo,reaction,LIKE
1773879586226430,305736219467790,1335973609777374,video,reaction,LIKE
1808094956119551,107840939393927,683524475158901,photo,reaction,LIKE
1808499496071078,107840939393927,694114604099888,photo,reaction,LIKE
1814834205401336,107840939393927,697120807132601,photo,reaction,LIKE
1820150084886620,249403588440524,1323452921035580,photo,comment
1903686373190722,249403588440524,1328041560576716,photo,comment
1903686373190722,249403588440524,1328041560576716,photo,comment
1924852651068431,249403588440524,1329172597130279,photo,comment
1924852651068431,249403588440524,1329186113795594,photo,comment
2144211502384080,107840939393927,705079629670052,photo,reaction,LIKE
2179729795585638,249403588440524,1327026754011530,photo,comment
2179729795585638,249403588440524,1328041560576716,photo,comment
2179729795585638,249403588440524,1329157980465074,photo,comment
2179729795585638,249403588440524,1329172597130279,photo,comment
2179729795585638,249403588440524,1329186113795594,photo,comment
10152307072525614,107840939393927,693442404167108,photo,reaction,LOVE
10152459478719833,107840939393927,683524475158901,photo,comment
10152535623690325,305736219467790,1335752843132784,video,reaction,LIKE
10152535970711930,305736219467790,1335752843132784,video,reaction,LIKE
10152556332998578,107840939393927,683524475158901,photo,comment
10152679513112171,107840939393927,693443957500286,video,comment
10152721339920617,107840939393927,693442404167108,photo,reaction,LIKE
10152784886366326,107840939393927,705079629670052,photo,reaction,LIKE
10152788592749647,249403588440524,1328499100530962,photo,comment
10152845192816159,107840939393927,683524475158901,photo,reaction,LIKE
10152864147206727,107840939393927,705079629670052,photo,reaction,LIKE
10152868098094598,107840939393927,694114604099888,photo,comment
10152964378720757,107840939393927,683524475158901,photo,reaction,LIKE
10153020776564208,107840939393927,683524475158901,photo,comment
10153020805269187,107840939393927,705079629670052,photo,reaction,LIKE
10153170377599800,107840939393927,693443957500286,video,comment
10153207238502769,107840939393927,705079629670052,photo,reaction,LIKE
10153311950857787,107840939393927,683524475158901,photo,comment
10153612994591743,107840939393927,693443957500286,video,comment
10153621972043410,107840939393927,683524475158901,photo,comment
10153837689914134,107840939393927,693443957500286,video,comment
10153906208188345,107840939393927,693442404167108,photo,comment
10155017934940484,107840939393927,705079629670052,photo,comment
10155132222090301,107840939393927,683524475158901,photo,comment
10155632244040640,107840939393927,693476327497049,photo,comment
10200655444187348,249403588440524,1323452921035580,photo,comment
10200662155914296,107840939393927,693443957500286,video,reaction,LIKE
10200741839386630,305736219467790,1335980433110025,photo,reaction,LIKE
10200741839386630,305736219467790,1335980433110025,photo,comment
10200873096029261,305736219467790,1343531859021549,photo,reaction,LIKE
10200885260412547,107840939393927,683524475158901,photo,reaction,LIKE
10200987411566943,107840939393927,693442404167108,photo,reaction,LIKE
10201651172511111,107840939393927,693476327497049,photo,reaction,LIKE
10201889735474360,249403588440524,1323452921035580,photo,comment
10202479177246454,107840939393927,693442404167108,photo,reaction,LIKE
10202699336277106,107840939393927,693443957500286,video,comment
10202852362649435,107840939393927,697120807132601,photo,reaction,LIKE
10202860150489631,107840939393927,693442404167108,photo,comment
10202962091028162,305736219467790,1335980433110025,photo,comment
10203002919138356,107840939393927,693442404167108,photo,reaction,LIKE
10203002919138356,107840939393927,693442404167108,photo,comment
10203067448717247,107840939393927,705079629670052,photo,reaction,LIKE
10203130286696992,107840939393927,693442404167108,photo,comment
10203216124577443,107840939393927,693443957500286,video,reaction,LIKE
10203305166131024,107840939393927,705079629670052,photo,comment
10203454837920122,249403588440524,1327005454013660,video,comment
10203576932855510,107840939393927,693442404167108,photo,reaction,LIKE
10203597964971278,107840939393927,705079629670052,photo,comment
10203605134788649,107840939393927,683524475158901,photo,reaction,LIKE
10203605134788649,107840939393927,683524475158901,photo,comment
10203605134788649,107840939393927,697120807132601,photo,reaction,LIKE
10203715691924133,107840939393927,705677142943634,link,comment
10204027746201622,107840939393927,693476327497049,photo,reaction,LIKE
10204129309089523,107840939393927,693442404167108,photo,comment
10204249564417657,107840939393927,693442404167108,photo,comment
10204249564417657,107840939393927,693442404167108,photo,comment
10204307699625598,107840939393927,683524475158901,photo,comment
10204323191989202,107840939393927,705079629670052,photo,comment
10204349307071701,107840939393927,693443957500286,video,reaction,LIKE
10204488246765411,107840939393927,693442404167108,photo,comment
10204513942718768,107840939393927,683524475158901,photo,comment
10204536764126610,107840939393927,705677142943634,link,reaction,LIKE
10204613925937078,249403588440524,1326279604086245,video,comment
10204613925937078,249403588440524,1327005454013660,video,comment
10204613925937078,249403588440524,1327026754011530,photo,comment
10204795087653280,107840939393927,699146940263321,link,reaction,LIKE
10204844328736683,107840939393927,693442404167108,photo,reaction,LIKE
10205098460652230,107840939393927,683524475158901,photo,reaction,LIKE
10205218599008025,305736219467790,1335948809779854,photo,reaction,LIKE
10205727440129523,107840939393927,705079629670052,photo,comment
10205727831653763,107840939393927,683524475158901,photo,reaction,LIKE
10206330419995236,107840939393927,693442404167108,photo,comment
10206475070901572,107840939393927,693443957500286,video,comment
10206817887839381,107840939393927,693443957500286,video,comment
10207141452205516,107840939393927,683524475158901,photo,reaction,LIKE
10207141452205516,107840939393927,693476327497049,photo,reaction,LIKE
10207141452205516,107840939393927,697120807132601,photo,reaction,LIKE
10207141452205516,107840939393927,699865100191505,photo,reaction,LIKE
10207263971911146,107840939393927,693443957500286,video,comment
10207804306649944,107840939393927,683524475158901,photo,comment
10207935397289628,107840939393927,705079629670052,photo,comment
10208048799404428,107840939393927,697120807132601,photo,reaction,LIKE
10208707237587220,107840939393927,683524475158901,photo,comment
10209324439851886,107840939393927,693442404167108,photo,comment
10209562218997425,249403588440524,1323457137701825,photo,reaction,LIKE
10210123924449097,107840939393927,705079629670052,photo,reaction,LIKE
10211536540191278,107840939393927,705079629670052,photo,comment
